{"stats":{"minecraft:picked_up":{"minecraft:lime_bundle":1,"minecraft:pale_oak_sign":1,"minecraft:ender_chest":1,"minecraft:skeleton_skull":64,"minecraft:polished_andesite":1,"minecraft:stone_button":3,"minecraft:cherry_sign":1,"minecraft:lever":1,"minecraft:redstone":1,"minecraft:repeater":2,"minecraft:dark_oak_sign":1,"minecraft:written_book":4,"minecraft:spruce_hanging_sign":1,"minecraft:creeper_head":64,"minecraft:iron_sword":1,"minecraft:comparator":1,"minecraft:activator_rail":3},"minecraft:custom":{"minecraft:time_since_rest":188797,"minecraft:inspect_dropper":105,"minecraft:walk_one_cm":84251,"minecraft:leave_game":1,"minecraft:damage_taken":60,"minecraft:play_time":188797,"minecraft:open_shulker_box":7,"minecraft:jump":357,"minecraft:time_since_death":188797,"minecraft:drop":95,"minecraft:open_enderchest":5,"minecraft:open_barrel":91,"minecraft:sprint_one_cm":7605,"minecraft:open_chest":42,"minecraft:inspect_hopper":45,"minecraft:fall_one_cm":5872,"minecraft:tune_noteblock":88,"minecraft:total_world_time":237010,"minecraft:fly_one_cm":874298,"minecraft:interact_with_anvil":24,"minecraft:crouch_one_cm":9927,"minecraft:sneak_time":18587},"minecraft:used":{"minecraft:painting":2,"minecraft:repeater":6,"minecraft:skeleton_skull":1,"minecraft:pink_shulker_box":3,"minecraft:observer":4,"minecraft:emerald_block":1,"minecraft:honeycomb":2,"minecraft:light_gray_dye":4,"minecraft:pink_stained_glass_pane":1,"minecraft:exposed_copper_chain":7,"minecraft:cherry_planks":18,"minecraft:structure_block":13,"minecraft:deepslate_bricks":4,"minecraft:magenta_dye":3,"minecraft:cherry_shelf":1,"minecraft:mangrove_trapdoor":1,"minecraft:ochre_froglight":1,"minecraft:stone_bricks":19,"minecraft:glass_pane":2,"minecraft:command_block":4,"minecraft:waxed_exposed_copper_lantern":4,"minecraft:polished_blackstone":11,"minecraft:gray_dye":2,"minecraft:warped_shelf":3,"minecraft:tuff_brick_wall":1,"minecraft:activator_rail":2,"minecraft:bamboo_shelf":3,"minecraft:mossy_stone_bricks":3,"minecraft:decorated_pot":1,"minecraft:smooth_stone":89,"minecraft:chiseled_tuff_bricks":6,"minecraft:pearlescent_froglight":1,"minecraft:waxed_exposed_chiseled_copper":2,"minecraft:pale_oak_sign":5,"minecraft:stripped_crimson_stem":1,"minecraft:cherry_hanging_sign":1,"minecraft:crimson_shelf":4,"minecraft:redstone":10,"minecraft:cracked_stone_bricks":3,"minecraft:spruce_door":2,"minecraft:crafter":1,"minecraft:waxed_copper_chest":4,"minecraft:cherry_sign":2,"minecraft:stone":10,"minecraft:stripped_mangrove_log":1,"minecraft:hopper":4,"minecraft:polished_andesite":26,"minecraft:note_block":6,"minecraft:spruce_sign":2,"minecraft:spruce_trapdoor":4,"minecraft:mangrove_shelf":1,"minecraft:target":5,"minecraft:hopper_minecart":2,"minecraft:waxed_exposed_copper_trapdoor":4,"minecraft:spruce_hanging_sign":2,"minecraft:spruce_shelf":3,"minecraft:polished_diorite":11,"minecraft:magenta_glazed_terracotta":5,"minecraft:quartz_pillar":6,"minecraft:chiseled_tuff":1,"minecraft:cherry_trapdoor":5,"minecraft:quartz_bricks":19,"minecraft:white_dye":5,"minecraft:black_concrete":2,"minecraft:pale_oak_shelf":11,"minecraft:exposed_copper_trapdoor":2,"minecraft:green_dye":1,"minecraft:writable_book":3,"minecraft:magenta_shulker_box":2,"minecraft:white_shulker_box":2,"minecraft:anvil":7,"minecraft:pink_glazed_terracotta":39,"minecraft:written_book":47,"minecraft:chiseled_stone_bricks":1,"minecraft:fishing_rod":1,"minecraft:dark_oak_sign":2,"minecraft:pink_dye":6,"minecraft:lever":2,"minecraft:white_concrete":3,"minecraft:spruce_planks":1,"minecraft:stone_button":4,"minecraft:cobweb":2,"minecraft:black_dye":3,"minecraft:debug_stick":20,"minecraft:glow_ink_sac":8,"minecraft:cherry_log":4,"minecraft:comparator":4,"minecraft:brown_glazed_terracotta":35,"minecraft:redstone_torch":2,"minecraft:ender_chest":3,"minecraft:amethyst_block":2,"minecraft:dropper":17,"minecraft:smooth_stone_slab":8},"minecraft:dropped":{"minecraft:stripped_crimson_stem":1,"minecraft:white_dye":1,"minecraft:sweet_berries":1,"minecraft:repeater":1,"minecraft:bamboo_shelf":2,"minecraft:pink_stained_glass_pane":1,"minecraft:debug_stick":2,"minecraft:pink_glazed_terracotta":1,"minecraft:hopper_minecart":1,"minecraft:redstone_torch":1,"minecraft:chiseled_stone_bricks":1,"minecraft:magenta_dye":1,"minecraft:polished_andesite":1,"minecraft:brown_glazed_terracotta":1,"minecraft:mossy_stone_bricks":1,"minecraft:target":2,"minecraft:cherry_hanging_sign":1,"minecraft:bundle":1,"minecraft:activator_rail":1,"minecraft:stripped_mangrove_log":1,"minecraft:smooth_stone":3,"minecraft:skeleton_skull":1,"minecraft:cherry_sign":1,"minecraft:comparator":1,"minecraft:ender_chest":2,"minecraft:pink_shulker_box":1,"minecraft:emerald":65,"minecraft:mangrove_trapdoor":1,"minecraft:pink_dye":3,"minecraft:pumpkin_pie":64,"minecraft:chiseled_tuff":1,"minecraft:lime_bundle":4,"minecraft:stone_button":1,"minecraft:chiseled_tuff_bricks":1,"minecraft:anvil":1,"minecraft:pale_oak_shelf":2,"minecraft:written_book":43,"minecraft:iron_sword":1,"minecraft:quartz_bricks":1,"minecraft:dropper":1,"minecraft:glass_pane":2,"minecraft:polished_deepslate":1,"minecraft:magenta_shulker_box":1,"minecraft:writable_book":5,"minecraft:structure_block":1,"minecraft:cake":1,"minecraft:light_gray_dye":1,"minecraft:pale_oak_sign":4,"minecraft:glow_ink_sac":1}},"DataVersion":4536}